{
    "description": "The extent of the information in the collection. In the Core only spatial and temporal\nextents are specified. Extensions may add additional members to represent other\nextents, for example, thermal or pressure ranges.",
    "type": "object",
    "properties": {
      "spatial": {
        "description": "The spatial extent of the information in the collection.",
        "type": "object",
        "required" :[
          "bbox",
          "crs"
        ],
        "properties": {
          "bbox": {
            "description": "One or more bounding boxes that describe the spatial extent of the dataset.\nIn the Core only a single bounding box is supported. Extensions may support\nadditional areas. If multiple areas are provided, the union of the bounding\nboxes describes the spatial extent.",
            "type": "array",
            "minItems": 1,
            "items": {
              "description": "Each bounding box is provided as four or six numbers, depending on\nwhether the coordinate reference system includes a vertical axis\n(height or depth):\n\n* Lower left corner, coordinate axis 1\n* Lower left corner, coordinate axis 2\n* Minimum value, coordinate axis 3 (optional)\n* Upper right corner, coordinate axis 1\n* Upper right corner, coordinate axis 2\n* Maximum value, coordinate axis 3 (optional)\n\nThe coordinate reference system of the values is WGS 84 longitude/latitude\n(http://www.opengis.net/def/crs/OGC/1.3/CRS84) unless a different coordinate\nreference system is specified in `crs`.\n\nFor WGS 84 longitude/latitude the values are in most cases the sequence of\nminimum longitude, minimum latitude, maximum longitude and maximum latitude.\nHowever, in cases where the box spans the antimeridian the first value\n(west-most box edge) is larger than the third value (east-most box edge).\n\nIf the vertical axis is included, the third and the sixth number are\nthe bottom and the top of the 3-dimensional bounding box.\n\nIf a feature has multiple spatial geometry properties, it is the decision of the\nserver whether only a single spatial geometry property is used to determine\nthe extent or all relevant geometries.",
              "type": "array",
              "oneOf": [
                {
                  "minItems": 4,
                  "maxItems": 4
                },
                {
                  "minItems": 6,
                  "maxItems": 6
                }
              ],
              "items": {
                "type": "number"
              }
            },
            "example": [
              -180,
              -90,
              180,
              90
            ]          
          },
          "crs": {
            "description": "Coordinate reference system of the coordinates in the spatial extent\n(property `bbox`). The default reference system is WGS 84 longitude/latitude.\nIn the Core this is the only supported coordinate reference system.\nExtensions may support additional coordinate reference systems and add\nadditional enum values.",
            "type": "string"
          },
          "name": {
            "description" : "Name of the vertical coordinate reference system",
            "type" : "string"
          }
        }
      },
      "temporal": {
        "description": "The temporal extent of the information in the collection.",
        "type": "object",
        "required": [
          "interval",
          "trs"
        ],
        "properties": {
          "interval": {
            "description": "RFC3339 compliant Date and Time, either as a time range specified as start time / end time / interval (e.g. 2017-11-14T09:00Z/2017-11-14T21:00Z/PT3H) or a list of time values (e.g. 2017-11-14T09:00Z,2017-11-14T12:00Z,2017-11-14T15:00Z,2017-11-14T18:00Z,2017-11-14T21:00Z)",
            "type": "array",
            "minItems": 1,
            "items": {
              "description": "Begin and end times of the time interval. The timestamps are in the\ntemporal coordinate reference system specified in `trs`. By default\nthis is the Gregorian calendar.",
              "type": "array",
              "minItems": 2,
              "maxItems": 2,
              "items": {
                "type": "string",
                "format": "date-time",
                "nullable": true
              },
              "example": [
                "2020-11-12T12:15Z,2020-11-12T12:30Z,2020-11-12T12:45Z"
              ]
            }
          },
          "trs": {
            "description": "Coordinate reference system of the coordinates in the temporal extent\n(property `interval`). The default reference system is the Gregorian calendar.\nIn the Core this is the only supported temporal coordinate reference system.\nExtensions may support additional temporal coordinate reference systems and add\nadditional enum values.",
            "type": "string"
          },
          "name": {
            "description" : "Name of the temporal coordinate reference system",
            "type" : "string"
          }
        }
      },
      "vertical": {
        "description": "The vertical extent of the information in the collection.",
        "type": "object",
        "required": [
          "interval",
          "vrs"
        ],
        "properties": {
          "interval": {
            "description": "One or more height intervals that describe the vertical extent of the dataset.\nThe value `null` is supported and indicates an open vertical interval.\nIn the Core only a single time interval is supported. Extensions may support\nmultiple intervals. If multiple intervals are provided, the union of the\nintervals describes the vertical extent.",
            "type": "array",
            "minItems": 1,
            "items": {
              "description": "minimum and maximum heights of the vertical interval. The values are in the\nvertical coordinate reference system specified in `vrs`. By default\nthis is the vertical coordinate reference system of the source information.",
              "type": "array",
              "minItems": 1,
              "items": {
                "type": "string",
                "nullable": true
              },
              "example": [
                "850"
              ]
            }
          },
          "vrs": {
            "description": "Coordinate reference system of the coordinates in the vertical extent\n(property `interval`). ",
            "type": "string"
          },
          "name": {
            "description" : "Name of the vertical coordinate reference system",
            "type" : "string"
          }
        }
      }
    }
  }