{
  "type": "object",
  "required": [
    "type",
    "geometry",
    "properties"
  ],
  "properties": {
    "type": {
      "type": "string",
      "enum": [
        "Feature"
      ]
    },
    "geometry": {
      "oneOf": [
        {
          "$ref": "https://ghobona.github.io/miscellaneous/openapi/schemas/pointGeoJSON.json"
        },
        {
          "$ref": "https://ghobona.github.io/miscellaneous/openapi/schemas/multipointGeoJSON.json"
        },
        {
          "$ref": "https://ghobona.github.io/miscellaneous/openapi/schemas/linestringGeoJSON.json"
        },
        {
          "$ref": "https://ghobona.github.io/miscellaneous/openapi/schemas/multilinestringGeoJSON.json"
        },
        {
          "$ref": "https://ghobona.github.io/miscellaneous/openapi/schemas/polygonGeoJSON.json"
        },
        {
          "$ref": "https://ghobona.github.io/miscellaneous/openapi/schemas/multipolygonGeoJSON.json"
        },
        {
          "$ref": "https://ghobona.github.io/miscellaneous/openapi/schemas/geometrycollectionGeoJSON.json"
        }
      ]
    },
    "properties": {
      "$ref": "https://ghobona.github.io/miscellaneous/openapi/schemas/edrProperties.json"
    },
    "id": {
      "oneOf": [
        {
          "type": "string"
        },
        {
          "type": "integer"
        }
      ]
    },
    "links": {
      "type": "array",
      "items": {
        "$ref": "https://ghobona.github.io/miscellaneous/openapi/schemas/link.json"
      }
    }
  }
}