{
  "type": "object",
  "required": [
    "type",
    "geometries"
  ],
  "properties": {
    "type": {
      "type": "string",
      "enum": [
        "GeometryCollection"
      ]
    },
    "geometries": {
      "type": "array",
      "items": {
        "oneOf": [
          {
            "$ref": "https://ghobona.github.io/miscellaneous/openapi/schemas/pointGeoJSON.json"
          },
          {
            "$ref": "https://ghobona.github.io/miscellaneous/openapi/schemas/multipointGeoJSON.json"
          },
          {
            "$ref": "https://ghobona.github.io/miscellaneous/openapi/schemas/linestringGeoJSON.json"
          },
          {
            "$ref": "https://ghobona.github.io/miscellaneous/openapi/schemas/multilinestringGeoJSON.json"
          },
          {
            "$ref": "https://ghobona.github.io/miscellaneous/openapi/schemas/polygonGeoJSON.json"
          },
          {
            "$ref": "https://ghobona.github.io/miscellaneous/openapi/schemas/multipolygonGeoJSON.json"
          },
          {
            "$ref": "https://ghobona.github.io/miscellaneous/openapi/schemas/geometrycollectionGeoJSON.json"
          }
        ]
      }
    }
  }
}