{
    "type": "object",
    "title": "Parameter name",
    "description": "Definition of data parameter",
    "required": [
      "type",
      "observedProperty"
    ],
    "properties": {
      "type": {
        "description": "type",
        "enum": [
          "Parameter"
        ]
      },
      "description": {
        "type": "object",
        "required": [
          "en"
        ],
        "properties": {
          "en": {
            "type": "string"
          }
        }
      },
      "unit": {
        "$ref": "https://ghobona.github.io/miscellaneous/openapi/schemas/units.json"
      },
      "observedProperty": {
        "$ref": "https://ghobona.github.io/miscellaneous/openapi/schemas/observedProperty.json"
      },
      "categoryEncoding": {
        "type": "object",
        "additionalProperties": {
          "OneOf": [
            {
              "type": "integer"
            },
            {
              "type": "array",
              "items": {
                "type": "integer"
              }
            }
          ]
        }
      },
      "extent": {
        "$ref": "https://ghobona.github.io/miscellaneous/openapi/schemas/parameterExtent.json"
      },
      "id": {
        "description": "Unique ID of the parameter, this is the value used for querying the data",
        "type": "string"
      },
      "measurementType": {
        "type": "object",
        "title": "Parameter measurement approach",
        "description": "Approach to calculating the data values",
        "required": [
          "method"
        ],
        "properties": {
          "method": {
            "type": "string",
            "example": "mean"
          },
          "duration": {
            "type": "string",
            "title": "Measurement time duartion",
            "description": "The time duration that the value was calculated for as an RFC3339 duration value.  If the method value is instantaneous this value is not required.",
            "example": "PT10M"
          }
        }
      }
    },
    "example": {
      "type": "Parameter",
      "id": "sea_ice",
      "description": {
        "en": "Sea Ice concentration (ice=1;no ice=0)"
      },
      "unit": {
        "label": {
          "en": "Ratio"
        },
        "symbol": {
          "value": "1",
          "type": "http://www.opengis.net/def/uom/UCUM/"
        }
      },
      "observedProperty": {
        "id": "http://vocab.nerc.ac.uk/standard_name/sea_ice_area_fraction/",
        "label": {
          "en": "Sea Ice Concentration"
        }
      }
    }
  }