{
  "name": "coords",
  "in": "query",
  "description": "Only data that has a geometry that intersects the area defined by the cube\nare selected. \n\nThe cubes x y coordinates are defined using **Rectangular Polygon** as Well Known Text\n\ncoords=POLYGON((x y,x1 y1,x2 y2, x3 y3, x y))\n\nwhich are values in the coordinate system defined by the crs query parameter \nif crs is not defined the values will be assumed to be \nWGS84 longitude/latitude coordinates and heights will be assumed \nto be in metres above mean sea level  \n\nFor instance a cube that roughly describes an area that contains \nSouth West England in WGS84 would look like\n\ncoords=POLYGON((-6.0 50.0,-4.35 50.0,-4.35 52.0,,-6.0 52.0,-6.0 50.0))\n\n`If the WKT does not define a Rectangle the service will generate \nan 400 error message`\n\nsee http://portal.opengeospatial.org/files/?artifact_id=25355 and \nhttps://en.wikipedia.org/wiki/Well-known_text_representation_of_geometry",
  "required": true,
  "schema": {
    "type": "string"
  }
}